1,"Farrell, Fritsch and Anderson",Miscellaneous
2,Schroeder-Murazik,Consumer Services
3,Littel-Jerde,Consumer Non-Durables
4,"Schuster, Walker and Hirthe",Technology
5,"Volkman, Cruickshank and Cormier",Energy
6,"Pagac, Bernier and Reichert",Public Utilities
7,Hilll-Prohaska,Consumer Non-Durables
8,"Doyle, Weimann and Ratke",n/a
9,Bins-Volkman,Miscellaneous
10,Marvin-Ward,Capital Goods
11,Dare-Schuster,Capital Goods
12,Sipes-Ullrich,Technology
13,Labadie-Maggio,Consumer Services
14,Hermiston Group,Energy
15,Cormier LLC,Finance
16,"Sauer, Mann and Leffler",Consumer Non-Durables
17,Gerhold-Nicolas,Consumer Services
18,"Volkman, Conn and Bartoletti",Basic Industries
19,White-Moen,n/a
20,Bailey-Farrell,Finance
21,Reilly and Sons,Consumer Services
22,"Cronin, Kirlin and Cremin",n/a
23,Miller-Parisian,n/a
24,Block and Sons,Consumer Services
25,"Dare, Goyette and Kertzmann",Finance
